{"cameraMode":{"drawMode":0,"name":"Shaded","section":"Shading Mode"},"sceneLighting":false,"audioPlay":false,"sceneViewState":{"m_AlwaysRefresh":false,"showFog":true,"showSkybox":false,"showFlares":true,"showImageEffects":true,"showParticleSystems":true,"showVisualEffectGraphs":true,"m_FxEnabled":true},"in2DMode":false,"pivot":{"x":-0.13386620581150056,"y":0.6966907382011414,"z":-2.1101765632629396},"rotation":{"x":-0.0005526320310309529,"y":-0.9992809295654297,"z":-0.0161809790879488,"w":0.03478080406785011},"size":1.5413533449172974,"orthographic":false}