{"cameraMode":{"drawMode":0,"name":"Shaded","section":"Shading Mode"},"sceneLighting":false,"audioPlay":false,"sceneViewState":{"m_AlwaysRefresh":false,"showFog":true,"showSkybox":false,"showFlares":true,"showImageEffects":true,"showParticleSystems":true,"showVisualEffectGraphs":true,"m_FxEnabled":true},"in2DMode":false,"pivot":{"x":0.9982160329818726,"y":0.9970328211784363,"z":1.0660561323165894},"rotation":{"x":-0.04062417149543762,"y":-0.21816062927246095,"z":-0.009336058050394059,"w":0.9751071929931641},"size":0.5200135111808777,"orthographic":false}