{"cameraMode":{"drawMode":0,"name":"Shaded","section":"Shading Mode"},"sceneLighting":false,"audioPlay":false,"sceneViewState":{"m_AlwaysRefresh":false,"showFog":true,"showSkybox":false,"showFlares":true,"showImageEffects":true,"showParticleSystems":true,"showVisualEffectGraphs":true,"m_FxEnabled":true},"in2DMode":false,"pivot":{"x":-15.397815704345704,"y":0.977349042892456,"z":25.993375778198243},"rotation":{"x":0.08379034698009491,"y":-0.6282103061676025,"z":0.06829813122749329,"w":0.7705185413360596},"size":1.3155059814453126,"orthographic":false}